ID,irt_difficulty,score_var,split
uAI_r264,4.555718421936035,wer,train-Constant
uAI_r265,-1.9481960535049438,wer,train-Constant
uAI_r266,-2.912156820297241,wer,train-Constant
uAI_r267,2.9029624462127686,wer,train-Constant
uAI_r268,3.9372446537017822,wer,train-Constant
uAI_r269,12.278693199157715,wer,train-Constant
uAI_r270,3.0277321338653564,wer,train-Constant
uAI_r271,2.8851139545440674,wer,train-Constant
uAI_r272,4.650232315063477,wer,train-Constant
uAI_r273,0.38995301723480225,wer,train-Constant
uAI_r274,3.893362522125244,wer,train-Constant
uAI_r275,2.180161952972412,wer,train-Constant
uAI_r276,-3.4540021419525146,wer,train-Constant
uAI_r277,11.785643577575684,wer,train-Constant
uAI_r278,-1.5551605224609375,wer,train-Constant
uAI_r279,6.645719051361084,wer,train-Constant
uAI_r280,0.9423765540122986,wer,train-Constant
uAI_r281,2.103522777557373,wer,train-Constant
uAI_r282,-13.665181159973145,wer,train-Constant
uAI_r283,-5.0985002517700195,wer,train-Constant
uAI_r284,-1.0840318202972412,wer,train-Constant
uAI_r285,2.082832098007202,wer,train-Constant
uAI_r286,5.983880519866943,wer,train-Constant
uAI_r287,-0.03617457300424576,wer,train-Constant
uAI_r288,4.370799541473389,wer,train-Constant
uAI_r289,4.608448505401611,wer,train-Constant
uAI_r290,3.4207699298858643,wer,train-Constant
uAI_r291,2.871345043182373,wer,train-Constant
uAI_r292,5.170196533203125,wer,train-Constant
uAI_r293,1.7785216569900513,wer,train-Constant
uAI_r294,4.339018821716309,wer,train-Constant
uAI_r295,9.083162307739258,wer,train-Constant
uAI_r296,-0.21660810708999634,wer,train-Constant
uAI_r297,4.031930923461914,wer,train-Constant
uAI_r298,-7.923440456390381,wer,train-Constant
uAI_r299,-0.3658427298069,wer,train-Constant
uAI_r300,3.5088582038879395,wer,train-Constant
uAI_r301,-0.9166338443756104,wer,train-Constant
uAI_r302,2.204451084136963,wer,train-Constant
uAI_r303,-1.855560064315796,wer,train-Constant
uAI_r304,0.8739414215087891,wer,train-Constant
uAI_r305,2.0953595638275146,wer,train-Constant
uAI_r306,15.700278282165527,wer,train-Constant
uAI_r307,5.6691999435424805,wer,train-Constant
uAI_r308,6.837563991546631,wer,train-Constant
uAI_r309,10.922551155090332,wer,train-Constant
uAI_r310,1.088089942932129,wer,train-Constant
uAI_r311,1.585772156715393,wer,train-Constant
uAI_r312,7.822532653808594,wer,train-Constant
uAI_r313,2.7701501846313477,wer,train-Constant
uAI_r314,12.277450561523438,wer,train-Constant
uAI_r315,0.8463953733444214,wer,train-Constant
uAI_r316,-2.8019917011260986,wer,train-Constant
uAI_r317,-2.348231315612793,wer,train-Constant
uAI_r318,-2.899705410003662,wer,train-Constant
uAI_r319,5.420392036437988,wer,train-Constant
uAI_r320,4.670806407928467,wer,train-Constant
uAI_r321,4.22764778137207,wer,train-Constant
uAI_r322,3.1771411895751953,wer,train-Constant
uAI_r323,3.719355821609497,wer,train-Constant
uAI_r324,1.1358668804168701,wer,train-Constant
uAI_r325,1.3471006155014038,wer,train-Constant
uAI_r326,8.903731346130371,wer,train-Constant
uAI_r327,0.24866104125976562,wer,train-Constant
uAI_r328,-4.72425651550293,wer,train-Constant
uAI_r329,-0.1326981782913208,wer,train-Constant
uAI_r330,2.05283260345459,wer,train-Constant
uAI_r331,2.1228747367858887,wer,train-Constant
uAI_r332,3.9494471549987793,wer,train-Constant
uAI_r333,3.238215208053589,wer,train-Constant
uAI_r334,3.0817391872406006,wer,train-Constant
uAI_r335,-1.5377020835876465,wer,train-Constant
uAI_r336,-1.2705035209655762,wer,train-Constant
uAI_r337,-0.3544626235961914,wer,train-Constant
uAI_r338,2.510802984237671,wer,train-Constant
uAI_r339,0.47437500953674316,wer,train-Constant
uAI_r340,-1.628974437713623,wer,train-Constant
uAI_r341,1.3171522617340088,wer,train-Constant
uAI_r342,-0.31256967782974243,wer,train-Constant
uAI_r343,0.3782142698764801,wer,train-Constant
uAK_r344,-16.169715881347656,wer,train-Constant
uAK_r345,-14.807828903198242,wer,train-Constant
uAK_r346,-10.748013496398926,wer,train-Constant
uAK_r347,-3.1319048404693604,wer,train-Constant
uAK_r348,-2.497959613800049,wer,train-Constant
uAK_r349,-9.777239799499512,wer,train-Constant
uAK_r350,-4.724277019500732,wer,train-Constant
uAK_r351,-11.737144470214844,wer,train-Constant
uAK_r352,-19.971101760864258,wer,train-Constant
uAK_r353,-15.201281547546387,wer,train-Constant
uAK_r354,-14.25342082977295,wer,train-Constant
uAK_r355,-5.4852142333984375,wer,train-Constant
uAK_r356,-6.436736583709717,wer,train-Constant
uAK_r357,-9.616347312927246,wer,train-Constant
uAK_r358,-0.9470195174217224,wer,train-Constant
uAK_r359,-15.952065467834473,wer,train-Constant
uAK_r360,-15.663797378540039,wer,train-Constant
uAK_r361,-11.574172019958496,wer,train-Constant
uAK_r362,3.348170757293701,wer,train-Constant
uAK_r363,-1.1425195932388306,wer,train-Constant
uAK_r364,-4.132040977478027,wer,train-Constant
uAK_r365,-9.993490219116211,wer,train-Constant
uAK_r366,-2.696408748626709,wer,train-Constant
uAK_r367,-6.218951225280762,wer,train-Constant
uAK_r368,0.8063722848892212,wer,train-Constant
uAK_r369,1.159082293510437,wer,train-Constant
uAK_r370,1.6836925745010376,wer,train-Constant
uAK_r371,-15.267940521240234,wer,train-Constant
uAK_r372,-12.172575950622559,wer,train-Constant
uAK_r373,-4.822319984436035,wer,train-Constant
uAK_r374,-6.462769508361816,wer,train-Constant
uAK_r375,-11.614191055297852,wer,train-Constant
uAK_r376,-11.972759246826172,wer,train-Constant
uAK_r377,-9.858325004577637,wer,train-Constant
uAK_r378,0.15100345015525818,wer,train-Constant
uAK_r379,0.23405636847019196,wer,train-Constant
uAK_r380,-14.545751571655273,wer,train-Constant
uAK_r381,0.6702405214309692,wer,train-Constant
uAK_r382,2.6410305500030518,wer,train-Constant
uAK_r383,2.6196789741516113,wer,train-Constant
uAK_r384,1.7131630182266235,wer,train-Constant
uAK_r385,-9.022692680358887,wer,train-Constant
uAK_r386,-5.984199523925781,wer,train-Constant
uAK_r387,-5.657083511352539,wer,train-Constant
uAK_r388,-14.400249481201172,wer,train-Constant
uAK_r389,-10.42758560180664,wer,train-Constant
uAK_r390,-3.3169198036193848,wer,train-Constant
uAK_r391,-10.649253845214844,wer,train-Constant
uAK_r392,-5.883639335632324,wer,train-Constant
uAK_r393,1.372359275817871,wer,train-Constant
uAK_r394,-11.879936218261719,wer,train-Constant
uAK_r395,-0.940476655960083,wer,train-Constant
uAK_r396,-7.719086170196533,wer,train-Constant
uAK_r397,-4.2268805503845215,wer,train-Constant
uAK_r398,-4.030020236968994,wer,train-Constant
uAK_r399,4.67469596862793,wer,train-Constant
uAK_r400,1.1515257358551025,wer,train-Constant
uAK_r401,0.09509769082069397,wer,train-Constant
uAK_r402,-13.227505683898926,wer,train-Constant
uAK_r403,-8.5321626663208,wer,train-Constant
uAK_r404,-3.4496870040893555,wer,train-Constant
uAK_r405,-15.855968475341797,wer,train-Constant
uAV_r627,-8.372405052185059,wer,train-Constant
uAV_r628,-8.096978187561035,wer,train-Constant
uAV_r629,-14.545645713806152,wer,train-Constant
uAV_r630,-15.063356399536133,wer,train-Constant
uAV_r631,-1.369619607925415,wer,train-Constant
uAV_r632,2.8776907920837402,wer,train-Constant
uAV_r633,-2.6014115810394287,wer,train-Constant
uAV_r635,-12.480036735534668,wer,train-Constant
uAV_r636,-3.663442850112915,wer,train-Constant
uAV_r637,-10.674678802490234,wer,train-Constant
uAV_r638,-12.459811210632324,wer,train-Constant
uAV_r639,-2.607600450515747,wer,train-Constant
uAV_r640,0.8101699948310852,wer,train-Constant
uAV_r641,-13.896970748901367,wer,train-Constant
uAV_r643,-1.7958776950836182,wer,train-Constant
uAV_r644,-1.576333999633789,wer,train-Constant
uAV_r645,3.3767199516296387,wer,train-Constant
uAV_r647,-1.9963898658752441,wer,train-Constant
uAV_r648,2.48152232170105,wer,train-Constant
uAV_r649,-2.496084690093994,wer,train-Constant
uAV_r650,0.979537844657898,wer,train-Constant
uAV_r651,2.2236480712890625,wer,train-Constant
uAV_r652,-9.160860061645508,wer,train-Constant
uAV_r653,-9.5216064453125,wer,train-Constant
uAV_r654,-7.146491050720215,wer,train-Constant
uAV_r655,-10.941850662231445,wer,train-Constant
uAV_r656,5.134044170379639,wer,train-Constant
uAV_r657,1.5253143310546875,wer,train-Constant
uAV_r658,1.9461945295333862,wer,train-Constant
uAV_r659,0.015512293204665184,wer,train-Constant
uAV_r660,-1.6649904251098633,wer,train-Constant
uAV_r661,-10.885249137878418,wer,train-Constant
uBC_r1037,0.7553017735481262,wer,train-Constant
uBC_r1038,2.4155781269073486,wer,train-Constant
uBC_r1039,5.7086992263793945,wer,train-Constant
uBC_r1040,1.1590572595596313,wer,train-Constant
uBC_r1041,8.345503807067871,wer,train-Constant
uBC_r1042,9.97767162322998,wer,train-Constant
uBC_r1043,9.853188514709473,wer,train-Constant
uBC_r1044,1.131498098373413,wer,train-Constant
uBC_r1045,2.0622520446777344,wer,train-Constant
uBC_r1046,0.9811881184577942,wer,train-Constant
uBC_r1047,3.7026209831237793,wer,train-Constant
uBC_r1048,-0.8349977731704712,wer,train-Constant
uBC_r1049,-1.6592193841934204,wer,train-Constant
uBC_r1050,-0.06771265715360641,wer,train-Constant
uBC_r1051,-0.5814247727394104,wer,train-Constant
uBC_r1052,1.269164800643921,wer,train-Constant
uBC_r1053,-4.692933082580566,wer,train-Constant
uBC_r1054,-0.7821897864341736,wer,train-Constant
uBC_r1055,4.675703525543213,wer,train-Constant
uBC_r1056,-2.7724831104278564,wer,train-Constant
uBC_r1057,-0.02931433916091919,wer,train-Constant
uBC_r1058,6.482027530670166,wer,train-Constant
uBC_r1059,1.761747121810913,wer,train-Constant
uBC_r1060,11.497575759887695,wer,train-Constant
uBC_r1061,1.674737811088562,wer,train-Constant
uBC_r1062,0.8180552124977112,wer,train-Constant
uBC_r1063,5.250443458557129,wer,train-Constant
uBC_r1064,6.22962760925293,wer,train-Constant
uBC_r1065,3.445053815841675,wer,train-Constant
uBC_r1066,-1.5531572103500366,wer,train-Constant
uBC_r1067,0.5881760120391846,wer,train-Constant
uBC_r1068,3.3160436153411865,wer,train-Constant
uBC_r1069,-1.4514241218566895,wer,train-Constant
uBC_r1070,6.382875919342041,wer,train-Constant
uBC_r1071,0.08823998272418976,wer,train-Constant
uBC_r1072,1.366114854812622,wer,train-Constant
uBC_r1073,-3.8759944438934326,wer,train-Constant
uBC_r1074,2.3392751216888428,wer,train-Constant
uBC_r1075,2.593534469604492,wer,train-Constant
uBC_r1076,0.6708314418792725,wer,train-Constant
uBC_r1077,0.36458760499954224,wer,train-Constant
uBC_r1078,3.0512685775756836,wer,train-Constant
uBC_r1079,4.995926380157471,wer,train-Constant
uBC_r1080,-0.7960747480392456,wer,train-Constant
uBC_r1081,-4.797071933746338,wer,train-Constant
uBC_r1082,0.8087615370750427,wer,train-Constant
uBC_r1083,-1.0905845165252686,wer,train-Constant
uBC_r1084,7.70471715927124,wer,train-Constant
uBC_r1085,2.7050070762634277,wer,train-Constant
uBC_r1086,2.0546202659606934,wer,train-Constant
uBC_r1087,0.5681021809577942,wer,train-Constant
uBC_r1088,3.214219570159912,wer,train-Constant
uBC_r1089,-3.4377121925354004,wer,train-Constant
uBC_r1090,2.11206316947937,wer,train-Constant
uBC_r1091,-2.2649903297424316,wer,train-Constant
uBC_r1092,2.003938913345337,wer,train-Constant
uBC_r1093,0.6955103874206543,wer,train-Constant
uBC_r1094,-0.07412271946668625,wer,train-Constant
uBC_r1095,0.6367161273956299,wer,train-Constant
uBC_r1096,1.503183126449585,wer,train-Constant
uBC_r1097,2.6345443725585938,wer,train-Constant
uBC_r1098,2.876213550567627,wer,train-Constant
uBC_r1099,0.005454748868942261,wer,train-Constant
uBC_r1100,1.1992933750152588,wer,train-Constant
uBC_r1101,7.380926609039307,wer,train-Constant
uBC_r1102,0.5195639133453369,wer,train-Constant
uBC_r1103,3.1375534534454346,wer,train-Constant
uBC_r1104,-2.004880428314209,wer,train-Constant
uBC_r1105,11.957659721374512,wer,train-Constant
uBC_r1106,2.1994595527648926,wer,train-Constant
uBC_r1107,-0.007722619920969009,wer,train-Constant
uBC_r1108,2.1303229331970215,wer,train-Constant
uBC_r1109,4.685025215148926,wer,train-Constant
uBC_r1110,-0.7227420806884766,wer,train-Constant
uBC_r1111,4.7973432540893555,wer,train-Constant
uBC_r1112,1.1607033014297485,wer,train-Constant
uBC_r1113,7.5203046798706055,wer,train-Constant
uBC_r1114,3.235888719558716,wer,train-Constant
uBC_r1115,-3.3143770694732666,wer,train-Constant
uBC_r1116,-0.5782319903373718,wer,train-Constant
uBC_r1117,2.200862169265747,wer,train-Constant
uBC_r1118,4.48592472076416,wer,train-Constant
uBC_r1119,-0.3537050783634186,wer,train-Constant
uBC_r1120,-0.8119933009147644,wer,train-Constant
uBC_r1121,1.1194968223571777,wer,train-Constant
uBC_r1122,-0.4998004138469696,wer,train-Constant
uBC_r1123,3.361781597137451,wer,train-Constant
uBC_r1124,4.663429260253906,wer,train-Constant
uBC_r1125,-2.910306215286255,wer,train-Constant
uBC_r1126,-2.3183279037475586,wer,train-Constant
uBC_r1127,-2.2206966876983643,wer,train-Constant
uBC_r1128,1.1097831726074219,wer,train-Constant
uBC_r1129,-1.4173035621643066,wer,train-Constant
uBC_r1130,1.0802592039108276,wer,train-Constant
uBC_r1131,0.29670625925064087,wer,train-Constant
uBC_r1132,3.003314733505249,wer,train-Constant
uBC_r1133,2.132345676422119,wer,train-Constant
uBC_r1134,-3.5329549312591553,wer,train-Constant
uBC_r1135,-3.883253335952759,wer,train-Constant
uBC_r1136,4.2787065505981445,wer,train-Constant
uBC_r1137,1.6239228248596191,wer,train-Constant
uBC_r1138,2.4603919982910156,wer,train-Constant
uBC_r1139,-1.441051721572876,wer,train-Constant
uBC_r1140,0.3541274070739746,wer,train-Constant
uBC_r1141,0.4913482069969177,wer,train-Constant
uBC_r1142,2.5697505474090576,wer,train-Constant
uBC_r1143,-2.086207628250122,wer,train-Constant
uBC_r1144,6.453756332397461,wer,train-Constant
uBC_r1145,-2.4878551959991455,wer,train-Constant
uBC_r1146,-0.444968581199646,wer,train-Constant
uBC_r1147,5.026426315307617,wer,train-Constant
uBC_r1148,4.354836940765381,wer,train-Constant
uBC_r1149,3.383056402206421,wer,train-Constant
uBC_r1150,1.1041179895401,wer,train-Constant
uBC_r1151,0.11032656580209732,wer,train-Constant
uBC_r1152,6.741235256195068,wer,train-Constant
uBC_r1153,9.022262573242188,wer,train-Constant
uBC_r1154,2.937105655670166,wer,train-Constant
uBC_r1155,-3.0177481174468994,wer,train-Constant
uBC_r1156,-0.7068473100662231,wer,train-Constant
uBE_r1157,-1.2253893613815308,wer,train-Constant
uBE_r1158,3.6574888229370117,wer,train-Constant
uBE_r1159,-16.53183937072754,wer,train-Constant
uBE_r1160,-0.37462350726127625,wer,train-Constant
uBE_r1161,-7.813795566558838,wer,train-Constant
uBE_r1162,-1.851552128791809,wer,train-Constant
uBE_r1163,-11.325043678283691,wer,train-Constant
uBE_r1164,-5.913528919219971,wer,train-Constant
uBE_r1165,-2.1801631450653076,wer,train-Constant
uBE_r1166,-12.412900924682617,wer,train-Constant
uBE_r1167,-8.231546401977539,wer,train-Constant
uBE_r1168,-18.065162658691406,wer,train-Constant
uBE_r1169,3.721479892730713,wer,train-Constant
uBE_r1170,3.7392640113830566,wer,train-Constant
uBE_r1171,-11.189501762390137,wer,train-Constant
uBE_r1172,-10.252205848693848,wer,train-Constant
uBE_r1173,-1.2856701612472534,wer,train-Constant
uBE_r1174,-6.426354885101318,wer,train-Constant
uBE_r1175,4.975651741027832,wer,train-Constant
uBE_r1176,-2.4359004497528076,wer,train-Constant
uBE_r1177,-3.031979560852051,wer,train-Constant
uBE_r1178,-13.194697380065918,wer,train-Constant
uBE_r1179,-8.750039100646973,wer,train-Constant
uBE_r1180,4.185566425323486,wer,train-Constant
uBE_r1181,-9.908175468444824,wer,train-Constant
uBE_r1182,-1.1864949464797974,wer,train-Constant
uBE_r1183,-8.378854751586914,wer,train-Constant
uBE_r1184,0.3314078152179718,wer,train-Constant
uBE_r1185,-7.384940147399902,wer,train-Constant
uBE_r1186,-13.002568244934082,wer,train-Constant
uBE_r1187,-10.188908576965332,wer,train-Constant
uBE_r1188,-2.484713077545166,wer,train-Constant
uBE_r1189,-7.1685991287231445,wer,train-Constant
uBE_r1190,-11.097457885742188,wer,train-Constant
uBE_r1191,-6.393250465393066,wer,train-Constant
uBE_r1192,-8.443828582763672,wer,train-Constant
uBE_r1193,-8.828353881835938,wer,train-Constant
uBE_r1194,-5.779159069061279,wer,train-Constant
uBE_r1195,-8.49436092376709,wer,train-Constant
uBE_r1196,-10.55078125,wer,train-Constant
uBE_r1197,-4.875316143035889,wer,train-Constant
uBE_r1198,0.7304577231407166,wer,train-Constant
uBE_r1199,-8.699758529663086,wer,train-Constant
uBE_r1200,-16.068004608154297,wer,train-Constant
uBE_r1201,-0.43339118361473083,wer,train-Constant
uBE_r1202,-0.7191629409790039,wer,train-Constant
uBE_r1203,-4.433414936065674,wer,train-Constant
uBE_r1204,-2.260260820388794,wer,train-Constant
uBE_r1205,2.503816843032837,wer,train-Constant
uBE_r1206,-14.459811210632324,wer,train-Constant
uBE_r1207,-13.068886756896973,wer,train-Constant
uBE_r1208,-8.230230331420898,wer,train-Constant
uBE_r1209,1.360721230506897,wer,train-Constant
uBE_r1210,-0.7926664352416992,wer,train-Constant
uBE_r1211,0.20722565054893494,wer,train-Constant
uBE_r1212,-16.1195125579834,wer,train-Constant
uBE_r1213,-16.259490966796875,wer,train-Constant
uBE_r1214,-11.682148933410645,wer,train-Constant
uBE_r1215,-21.747888565063477,wer,train-Constant
uBE_r1216,-7.122291564941406,wer,train-Constant
uBE_r1217,-8.899935722351074,wer,train-Constant
uBH_r1218,-0.0365695059299469,wer,train-Constant
uBH_r1219,3.630002021789551,wer,train-Constant
uBH_r1220,1.5256314277648926,wer,train-Constant
uBH_r1221,-15.605332374572754,wer,train-Constant
uBH_r1222,-3.868443727493286,wer,train-Constant
uBH_r1223,-10.694280624389648,wer,train-Constant
uBH_r1224,1.473086953163147,wer,train-Constant
uBH_r1225,2.368886947631836,wer,train-Constant
uBH_r1226,-1.08229398727417,wer,train-Constant
uBH_r1227,-0.4842778444290161,wer,train-Constant
uBH_r1228,-9.857259750366211,wer,train-Constant
uBH_r1229,-1.9245855808258057,wer,train-Constant
uBH_r1230,-9.018495559692383,wer,train-Constant
uBH_r1231,-12.577020645141602,wer,train-Constant
uBH_r1232,-14.279006004333496,wer,train-Constant
uBH_r1233,-3.5436336994171143,wer,train-Constant
uBH_r1234,-9.57378101348877,wer,train-Constant
uBH_r1235,-10.201727867126465,wer,train-Constant
uBH_r1236,-1.6177202463150024,wer,train-Constant
uBH_r1237,-12.867795944213867,wer,train-Constant
uBH_r1238,2.740279197692871,wer,train-Constant
uBH_r1239,-5.725455284118652,wer,train-Constant
uBH_r1240,-2.483069658279419,wer,train-Constant
uBH_r1241,-19.327795028686523,wer,train-Constant
uBH_r1242,-9.41102123260498,wer,train-Constant
uBH_r1243,-21.1134090423584,wer,train-Constant
uBH_r1244,-10.514594078063965,wer,train-Constant
uBH_r1245,-8.988570213317871,wer,train-Constant
uBH_r1246,-1.9494222402572632,wer,train-Constant
uBH_r1247,-2.3295280933380127,wer,train-Constant
uBH_r1248,-2.408987045288086,wer,train-Constant
uBH_r1249,-2.0836546421051025,wer,train-Constant
uBH_r1250,-5.130690574645996,wer,train-Constant
uBH_r1251,-14.80103588104248,wer,train-Constant
uBH_r1252,0.7324074506759644,wer,train-Constant
uBH_r1253,-7.834474086761475,wer,train-Constant
uBH_r1254,-8.960297584533691,wer,train-Constant
uBH_r1255,-9.856778144836426,wer,train-Constant
uBH_r1256,-6.84418249130249,wer,train-Constant
uBH_r1257,-0.10377585142850876,wer,train-Constant
uBH_r1258,-14.126384735107422,wer,train-Constant
uBH_r1259,-0.707318902015686,wer,train-Constant
uBH_r1260,-3.321401357650757,wer,train-Constant
uBH_r1261,-13.67404556274414,wer,train-Constant
uBH_r1262,-1.3060147762298584,wer,train-Constant
uBH_r1263,-12.495806694030762,wer,train-Constant
uBH_r1264,-10.504752159118652,wer,train-Constant
uBH_r1265,-3.6637308597564697,wer,train-Constant
uBH_r1266,-6.985571384429932,wer,train-Constant
uBH_r1267,-10.44020938873291,wer,train-Constant
uBH_r1268,-0.6428127288818359,wer,train-Constant
uBH_r1269,-19.212005615234375,wer,train-Constant
uBH_r1270,-0.9956696033477783,wer,train-Constant
uBH_r1271,1.7993700504302979,wer,train-Constant
uBH_r1272,-17.050750732421875,wer,train-Constant
uBH_r1273,0.5381868481636047,wer,train-Constant
uBH_r1274,-1.7439178228378296,wer,train-Constant
uBH_r1275,3.409475326538086,wer,train-Constant
uBH_r1276,1.9723966121673584,wer,train-Constant
uBH_r1277,-1.4141566753387451,wer,train-Constant
uBH_r1278,-12.079336166381836,wer,train-Constant
uBH_r1279,-5.160931587219238,wer,train-Constant
uBH_r1280,-7.232936859130859,wer,train-Constant
uBH_r1281,-9.483838081359863,wer,train-Constant
uBH_r1282,-2.986048936843872,wer,train-Constant
uBH_r1283,-9.562662124633789,wer,train-Constant
uBH_r1284,-15.538847923278809,wer,train-Constant
uBH_r1285,-2.9622421264648438,wer,train-Constant
uBH_r1286,-1.87717604637146,wer,train-Constant
uBH_r1287,1.8946388959884644,wer,train-Constant
uBH_r1288,-4.503183364868164,wer,train-Constant
uBH_r1289,-7.089194297790527,wer,train-Constant
uBH_r1290,-5.0393853187561035,wer,train-Constant
uBH_r1291,-2.9660472869873047,wer,train-Constant
uBH_r1292,-11.200660705566406,wer,train-Constant
uBN_r1468,-0.04170769453048706,wer,train-Constant
uBN_r1469,-0.11789298057556152,wer,train-Constant
uBN_r1470,0.1356535404920578,wer,train-Constant
uBN_r1471,-3.968411922454834,wer,train-Constant
uBN_r1472,0.28980138897895813,wer,train-Constant
uBN_r1473,0.747342586517334,wer,train-Constant
uBN_r1474,5.863109588623047,wer,train-Constant
uBN_r1475,0.04068823158740997,wer,train-Constant
uBN_r1476,-9.754720687866211,wer,train-Constant
uBN_r1477,-6.662045001983643,wer,train-Constant
uBN_r1478,-5.235753059387207,wer,train-Constant
uBN_r1479,-6.949306011199951,wer,train-Constant
uBN_r1480,0.7123537659645081,wer,train-Constant
uBN_r1481,-1.1406010389328003,wer,train-Constant
uBN_r1482,-4.30720329284668,wer,train-Constant
uBN_r1483,-11.318448066711426,wer,train-Constant
uBN_r1484,-0.5260606408119202,wer,train-Constant
uBN_r1485,0.9207413196563721,wer,train-Constant
uBN_r1486,-13.508992195129395,wer,train-Constant
uBN_r1487,-1.3505213260650635,wer,train-Constant
uBN_r1488,-14.004951477050781,wer,train-Constant
uBN_r1489,-2.565347909927368,wer,train-Constant
uBN_r1490,-15.201994895935059,wer,train-Constant
uBN_r1491,-0.6696042418479919,wer,train-Constant
uBN_r1492,-11.92609977722168,wer,train-Constant
uBN_r1493,-11.321216583251953,wer,train-Constant
uBN_r1494,-7.443706035614014,wer,train-Constant
uBN_r1495,-13.694234848022461,wer,train-Constant
uBN_r1496,-0.4327493906021118,wer,train-Constant
uBN_r1497,1.4115691184997559,wer,train-Constant
uBN_r1498,-9.00712776184082,wer,train-Constant
uBN_r1499,-1.037559151649475,wer,train-Constant
uBN_r1500,-8.801329612731934,wer,train-Constant
uBN_r1501,-0.1291622519493103,wer,train-Constant
uBS_r1556,3.2841596603393555,wer,train-Constant
uBS_r1557,-2.8106963634490967,wer,train-Constant
uBS_r1558,-3.040980577468872,wer,train-Constant
uBS_r1559,-17.355928421020508,wer,train-Constant
uBS_r1560,-1.7934249639511108,wer,train-Constant
uBS_r1561,-3.431675910949707,wer,train-Constant
uBS_r1562,-8.620715141296387,wer,train-Constant
uBS_r1563,-10.125661849975586,wer,train-Constant
uBS_r1564,-8.602460861206055,wer,train-Constant
uBS_r1565,-11.40333080291748,wer,train-Constant
uBS_r1566,-3.6803500652313232,wer,train-Constant
uBS_r1567,4.167112350463867,wer,train-Constant
uBS_r1568,-1.5963400602340698,wer,train-Constant
uBS_r1569,-14.72425365447998,wer,train-Constant
uBS_r1570,-4.720218181610107,wer,train-Constant
uBS_r1571,2.5894601345062256,wer,train-Constant
uBS_r1572,-13.299458503723145,wer,train-Constant
uBS_r1573,4.321595668792725,wer,train-Constant
uBS_r1574,-1.1742982864379883,wer,train-Constant
uBS_r1575,0.2834646701812744,wer,train-Constant
uBS_r1576,-3.9738123416900635,wer,train-Constant
uBS_r1577,-11.12448787689209,wer,train-Constant
uBS_r1578,-2.1152477264404297,wer,train-Constant
uBS_r1579,-5.787975788116455,wer,train-Constant
uBS_r1580,-12.125967979431152,wer,train-Constant
uBS_r1581,-11.542901039123535,wer,train-Constant
uBS_r1582,-16.441795349121094,wer,train-Constant
uBS_r1583,-10.694794654846191,wer,train-Constant
uBS_r1584,-4.800075531005859,wer,train-Constant
uBS_r1585,-5.237574100494385,wer,train-Constant
uBS_r1586,0.1397792547941208,wer,train-Constant
uBS_r1587,-5.023901462554932,wer,train-Constant
uBS_r1588,-1.3362282514572144,wer,train-Constant
uBS_r1589,-4.263065338134766,wer,train-Constant
uBS_r1590,1.456027865409851,wer,train-Constant
uBS_r1591,-5.056991100311279,wer,train-Constant
uBS_r1592,-2.91171932220459,wer,train-Constant
uBS_r1593,-6.3290863037109375,wer,train-Constant
uBS_r1594,-8.289629936218262,wer,train-Constant
uBS_r1595,2.78299617767334,wer,train-Constant
uBS_r1596,-5.089879035949707,wer,train-Constant
uBS_r1597,-7.20201301574707,wer,train-Constant
uBV_r1620,-5.436905384063721,wer,train-Constant
uBV_r1621,-7.606066703796387,wer,train-Constant
uBV_r1622,4.141613960266113,wer,train-Constant
uBV_r1623,-6.602355480194092,wer,train-Constant
uBV_r1624,-3.3229944705963135,wer,train-Constant
uBV_r1625,-5.828996658325195,wer,train-Constant
uBV_r1626,-2.1374807357788086,wer,train-Constant
uBV_r1627,1.8041912317276,wer,train-Constant
uBV_r1628,-4.1438798904418945,wer,train-Constant
uBV_r1629,0.12521398067474365,wer,train-Constant
uBV_r1630,-0.21654245257377625,wer,train-Constant
uBV_r1631,-9.282283782958984,wer,train-Constant
uBV_r1632,-2.2495200634002686,wer,train-Constant
uBV_r1633,-10.276763916015625,wer,train-Constant
uBV_r1634,-15.08777141571045,wer,train-Constant
uBV_r1635,-15.065281867980957,wer,train-Constant
uBV_r1636,-1.3723424673080444,wer,train-Constant
uBV_r1637,-7.683401584625244,wer,train-Constant
uBV_r1638,0.48071053624153137,wer,train-Constant
uBV_r1639,-9.726018905639648,wer,train-Constant
uBV_r1640,-7.233579635620117,wer,train-Constant
uBV_r1641,-12.898630142211914,wer,train-Constant
uBV_r1642,-7.235279083251953,wer,train-Constant
uBV_r1643,1.4551212787628174,wer,train-Constant
uBV_r1644,0.647413432598114,wer,train-Constant
uBV_r1645,-5.078514099121094,wer,train-Constant
uBV_r1646,-12.510677337646484,wer,train-Constant
uBV_r1647,-14.670207977294922,wer,train-Constant
uBV_r1648,-7.263830661773682,wer,train-Constant
uBV_r1649,6.147470951080322,wer,train-Constant
uBV_r1650,-16.66521644592285,wer,train-Constant
uBV_r1651,-15.596092224121094,wer,train-Constant
uBV_r1652,-1.2368545532226562,wer,train-Constant
uBV_r1653,-16.476749420166016,wer,train-Constant
uBV_r1654,-11.880389213562012,wer,train-Constant
uBV_r1655,-14.27919864654541,wer,train-Constant
uBV_r1656,-6.3732380867004395,wer,train-Constant
uBV_r1657,-6.505101680755615,wer,train-Constant
uBV_r1658,0.5527291893959045,wer,train-Constant
uBV_r1659,-14.234065055847168,wer,train-Constant
uBV_r1660,-1.7987438440322876,wer,train-Constant
uBV_r1661,2.7405827045440674,wer,train-Constant
uBV_r1662,4.427555084228516,wer,train-Constant
uBV_r1663,1.4781970977783203,wer,train-Constant
uBV_r1664,3.151115655899048,wer,train-Constant
uBV_r1665,-8.984308242797852,wer,train-Constant
uBV_r1666,-1.5175870656967163,wer,train-Constant
uBV_r1667,-6.783844947814941,wer,train-Constant
uBY_r1848,2.333634853363037,wer,train-Constant
uBY_r1849,0.7978730797767639,wer,train-Constant
uBY_r1850,4.968993663787842,wer,train-Constant
uBY_r1851,2.6705269813537598,wer,train-Constant
uBY_r1852,-1.4121170043945312,wer,train-Constant
uBY_r1853,0.8790106773376465,wer,train-Constant
uBY_r1854,-1.0056508779525757,wer,train-Constant
uBY_r1855,-0.6409640312194824,wer,train-Constant
uBY_r1856,8.78679370880127,wer,train-Constant
uBY_r1857,-1.3342618942260742,wer,train-Constant
uBY_r1858,-4.172392845153809,wer,train-Constant
uBY_r1859,5.851536750793457,wer,train-Constant
uBY_r1860,-0.988361656665802,wer,train-Constant
uBY_r1861,-0.5361877679824829,wer,train-Constant
uBY_r1862,10.708338737487793,wer,train-Constant
uBY_r1863,4.468778133392334,wer,train-Constant
uBY_r1864,-1.0582518577575684,wer,train-Constant
uBY_r1865,0.9774580001831055,wer,train-Constant
uBY_r1866,0.1942821592092514,wer,train-Constant
uBY_r1867,0.8030956983566284,wer,train-Constant
uBY_r1868,5.243889808654785,wer,train-Constant
uBY_r1869,1.907831072807312,wer,train-Constant
uBY_r1870,2.384025812149048,wer,train-Constant
uBY_r1871,1.373988151550293,wer,train-Constant
uBY_r1872,0.815350353717804,wer,train-Constant
uBY_r1873,2.2894530296325684,wer,train-Constant
uBY_r1874,-4.05082893371582,wer,train-Constant
uBY_r1875,0.6686408519744873,wer,train-Constant
uBY_r1876,1.8979952335357666,wer,train-Constant
uBY_r1877,6.534127235412598,wer,train-Constant
uBY_r1878,2.7518036365509033,wer,train-Constant
uBY_r1879,-0.5594546794891357,wer,train-Constant
uBY_r1880,-6.246878147125244,wer,train-Constant
uBY_r1881,4.3007965087890625,wer,train-Constant
uBY_r1882,0.7651192545890808,wer,train-Constant
uBY_r1883,1.2083303928375244,wer,train-Constant
uBY_r1884,-1.3909648656845093,wer,train-Constant
uBY_r1885,-3.4371449947357178,wer,train-Constant
uBY_r1886,-1.353951334953308,wer,train-Constant
uBY_r1887,-1.018161416053772,wer,train-Constant
uBY_r1888,1.49813973903656,wer,train-Constant
uBY_r1889,-1.7190675735473633,wer,train-Constant
uBY_r1890,3.9689505100250244,wer,train-Constant
uBY_r1891,5.365026950836182,wer,train-Constant
uBY_r1892,6.506319999694824,wer,train-Constant
uBY_r1893,4.076964378356934,wer,train-Constant
uBY_r1894,3.0727648735046387,wer,train-Constant
uBY_r1895,-0.3932385742664337,wer,train-Constant
uBY_r1896,0.08642461895942688,wer,train-Constant
uBY_r1897,5.070051670074463,wer,train-Constant
uBY_r1898,-8.200662612915039,wer,train-Constant
uCG_r2101,6.153829574584961,wer,train-Constant
uCG_r2102,1.6527048349380493,wer,train-Constant
uCG_r2103,0.7441645860671997,wer,train-Constant
uCG_r2104,1.9562301635742188,wer,train-Constant
uCG_r2105,2.6449193954467773,wer,train-Constant
uCG_r2106,-2.1875624656677246,wer,train-Constant
uCG_r2107,-4.191432476043701,wer,train-Constant
uCG_r2108,-0.6997860074043274,wer,train-Constant
uCG_r2109,-0.18924126029014587,wer,train-Constant
uCG_r2110,2.1946730613708496,wer,train-Constant
uCG_r2111,4.366676330566406,wer,train-Constant
uCG_r2112,5.752686500549316,wer,train-Constant
uCG_r2113,7.145106315612793,wer,train-Constant
uCG_r2114,1.2490085363388062,wer,train-Constant
uCG_r2115,7.3346405029296875,wer,train-Constant
uCG_r2116,3.994743585586548,wer,train-Constant
uCG_r2117,-0.8537675738334656,wer,train-Constant
uCG_r2118,-1.1620274782180786,wer,train-Constant
uCG_r2119,10.575517654418945,wer,train-Constant
uCG_r2120,5.261645793914795,wer,train-Constant
uCG_r2121,12.724798202514648,wer,train-Constant
uCG_r2122,5.43373966217041,wer,train-Constant
uCG_r2124,-6.81930685043335,wer,train-Constant
uCG_r2126,2.7494113445281982,wer,train-Constant
uCG_r2127,1.92581045627594,wer,train-Constant
uCG_r2128,2.7483184337615967,wer,train-Constant
uCG_r2129,-3.8909339904785156,wer,train-Constant
uCG_r2130,2.8513500690460205,wer,train-Constant
uCG_r2131,4.528935432434082,wer,train-Constant
uCG_r2132,-3.1191930770874023,wer,train-Constant
uCG_r2133,0.8070651888847351,wer,train-Constant
uCG_r2134,3.3042173385620117,wer,train-Constant
uCH_r2135,5.58171272277832,wer,train-Constant
uCH_r2136,16.772275924682617,wer,train-Constant
uCH_r2137,3.760955810546875,wer,train-Constant
uCH_r2138,-2.7347662448883057,wer,train-Constant
uCH_r2139,11.265677452087402,wer,train-Constant
uCH_r2140,6.455891132354736,wer,train-Constant
uCH_r2141,4.565586090087891,wer,train-Constant
uCH_r2142,4.274293422698975,wer,train-Constant
uCH_r2143,5.938133239746094,wer,train-Constant
uCH_r2144,0.9124491810798645,wer,train-Constant
uCH_r2145,0.6520146727561951,wer,train-Constant
uCH_r2146,2.9895951747894287,wer,train-Constant
uCH_r2147,-0.9843499660491943,wer,train-Constant
uCH_r2148,3.4759469032287598,wer,train-Constant
uCH_r2149,-1.227309226989746,wer,train-Constant
uCH_r2150,3.791227340698242,wer,train-Constant
uCH_r2151,4.800961494445801,wer,train-Constant
uCH_r2152,0.7883815169334412,wer,train-Constant
uCH_r2153,8.423604011535645,wer,train-Constant
uCH_r2154,3.832035541534424,wer,train-Constant
uCH_r2155,1.694884181022644,wer,train-Constant
uCH_r2156,8.408564567565918,wer,train-Constant
uCH_r2157,1.687085747718811,wer,train-Constant
uCH_r2158,-6.596822261810303,wer,train-Constant
uCH_r2159,0.2766261696815491,wer,train-Constant
uCH_r2160,-0.1141788586974144,wer,train-Constant
uCH_r2161,-0.5840785503387451,wer,train-Constant
uCH_r2162,0.05562257021665573,wer,train-Constant
uCH_r2163,0.10367725789546967,wer,train-Constant
uCH_r2164,-3.9722275733947754,wer,train-Constant
uCH_r2165,3.527784585952759,wer,train-Constant
uCH_r2166,4.768240928649902,wer,train-Constant
uCH_r2167,-3.1319384574890137,wer,train-Constant
uCH_r2168,3.847365140914917,wer,train-Constant
uCH_r2169,12.500203132629395,wer,train-Constant
uCJ_r2360,-12.430461883544922,wer,train-Constant
uCJ_r2361,-5.981391429901123,wer,train-Constant
uCJ_r2362,-7.1550750732421875,wer,train-Constant
uCJ_r2363,-6.971742630004883,wer,train-Constant
uCJ_r2364,-7.186463356018066,wer,train-Constant
uCJ_r2365,-3.47725772857666,wer,train-Constant
uCJ_r2366,-10.391274452209473,wer,train-Constant
uCJ_r2367,-7.009397983551025,wer,train-Constant
uCJ_r2368,-6.643332004547119,wer,train-Constant
uCJ_r2369,-12.95436954498291,wer,train-Constant
uCJ_r2370,-5.2556633949279785,wer,train-Constant
uCJ_r2371,-12.49045181274414,wer,train-Constant
uCJ_r2372,-4.751464366912842,wer,train-Constant
uCJ_r2373,-10.966669082641602,wer,train-Constant
uCJ_r2374,-9.606701850891113,wer,train-Constant
uCJ_r2375,-9.44621753692627,wer,train-Constant
uCJ_r2376,-13.138590812683105,wer,train-Constant
uCJ_r2377,5.658416748046875,wer,train-Constant
uCJ_r2378,-2.037382125854492,wer,train-Constant
uCJ_r2379,-13.737689018249512,wer,train-Constant
uCJ_r2380,-3.6091256141662598,wer,train-Constant
uCJ_r2381,-12.606314659118652,wer,train-Constant
uCJ_r2382,1.2557379007339478,wer,train-Constant
uCJ_r2383,-4.916128635406494,wer,train-Constant
uCJ_r2384,-7.588004112243652,wer,train-Constant
uCJ_r2385,-7.260598182678223,wer,train-Constant
uCJ_r2386,-4.281149864196777,wer,train-Constant
uCJ_r2387,-15.722485542297363,wer,train-Constant
uCJ_r2388,-8.025469779968262,wer,train-Constant
uCJ_r2389,-1.3506578207015991,wer,train-Constant
uCJ_r2390,-4.667575836181641,wer,train-Constant
uCJ_r2391,-2.2468957901000977,wer,train-Constant
uCJ_r2392,-4.502241134643555,wer,train-Constant
uCJ_r2393,-6.112192630767822,wer,train-Constant
uCJ_r2394,-7.144235134124756,wer,train-Constant
uCJ_r2395,-6.042789459228516,wer,train-Constant
uCJ_r2396,-6.349592685699463,wer,train-Constant
uCJ_r2397,-4.681210041046143,wer,train-Constant
uCJ_r2398,-6.757207870483398,wer,train-Constant
uCJ_r2399,-14.763219833374023,wer,train-Constant
uCJ_r2400,1.7175201177597046,wer,train-Constant
uCJ_r2401,0.5756224393844604,wer,train-Constant
uCJ_r2402,-6.742397785186768,wer,train-Constant
uCJ_r2403,-1.4497761726379395,wer,train-Constant
uCJ_r2404,0.664611279964447,wer,train-Constant
uCJ_r2405,-10.187690734863281,wer,train-Constant
uCJ_r2406,-6.419338226318359,wer,train-Constant
uCJ_r2407,-12.822154998779297,wer,train-Constant
uCJ_r2408,-3.643739938735962,wer,train-Constant
uCJ_r2409,-2.994117498397827,wer,train-Constant
uCJ_r2410,-3.095081090927124,wer,train-Constant
uCJ_r2411,-3.26619029045105,wer,train-Constant
uCM_r2467,6.05507755279541,wer,train-Constant
uCM_r2468,9.149563789367676,wer,train-Constant
uCM_r2469,-1.0059292316436768,wer,train-Constant
uCM_r2470,-0.41938480734825134,wer,train-Constant
uCM_r2471,-3.9587273597717285,wer,train-Constant
uCM_r2472,1.6359052658081055,wer,train-Constant
uCM_r2473,14.05803394317627,wer,train-Constant
uCM_r2474,5.776792049407959,wer,train-Constant
uCM_r2475,0.4869333505630493,wer,train-Constant
uCM_r2476,1.8156404495239258,wer,train-Constant
uCM_r2477,-1.073595643043518,wer,train-Constant
uCM_r2478,1.1018375158309937,wer,train-Constant
uCM_r2479,1.9449944496154785,wer,train-Constant
uCM_r2480,0.7102190852165222,wer,train-Constant
uCM_r2481,7.182546138763428,wer,train-Constant
uCM_r2482,-0.33703675866127014,wer,train-Constant
uCM_r2483,4.41545295715332,wer,train-Constant
uCM_r2484,9.11709976196289,wer,train-Constant
uCM_r2485,7.282694339752197,wer,train-Constant
uCM_r2486,2.849053382873535,wer,train-Constant
uCM_r2487,5.828254699707031,wer,train-Constant
uCM_r2488,-3.356511354446411,wer,train-Constant
uCM_r2489,-1.381746768951416,wer,train-Constant
uCM_r2490,1.5785783529281616,wer,train-Constant
uCM_r2491,-3.837301254272461,wer,train-Constant
uCM_r2492,1.1647670269012451,wer,train-Constant
uCM_r2493,4.947019100189209,wer,train-Constant
uCM_r2494,0.5568424463272095,wer,train-Constant
uCM_r2495,1.7584432363510132,wer,train-Constant
uCM_r2496,-0.3760277032852173,wer,train-Constant
uCM_r2497,-1.8135318756103516,wer,train-Constant
uCM_r2498,5.447596549987793,wer,train-Constant
uCM_r2499,-4.256372451782227,wer,train-Constant
uCM_r2500,0.1467207670211792,wer,train-Constant
uCM_r2501,-3.7770698070526123,wer,train-Constant
uCM_r2502,5.395327091217041,wer,train-Constant
uCM_r2503,-0.11009633541107178,wer,train-Constant
uCM_r2504,2.0002875328063965,wer,train-Constant
uCM_r2505,3.18243670463562,wer,train-Constant
uCM_r2506,0.1654561460018158,wer,train-Constant
uCM_r2507,1.9188971519470215,wer,train-Constant
uCM_r2508,-0.3771270215511322,wer,train-Constant
uCM_r2509,-2.6004457473754883,wer,train-Constant
uCM_r2510,-1.63712739944458,wer,train-Constant
uCM_r2511,10.121047973632812,wer,train-Constant
uCM_r2512,-0.6070230603218079,wer,train-Constant
uCM_r2513,3.029743194580078,wer,train-Constant
uCM_r2514,-1.2928868532180786,wer,train-Constant
uCM_r2515,2.067923069000244,wer,train-Constant
uCM_r2516,3.1418511867523193,wer,train-Constant
uCM_r2517,-0.19948342442512512,wer,train-Constant
uCM_r2518,5.188136100769043,wer,train-Constant
uCM_r2519,-1.218144416809082,wer,train-Constant
uCM_r2520,5.843517303466797,wer,train-Constant
uCM_r2521,1.8532936573028564,wer,train-Constant
uCM_r2522,-4.4337334632873535,wer,train-Constant
uCM_r2523,0.8294708728790283,wer,train-Constant
uCM_r2524,2.2507054805755615,wer,train-Constant
uCM_r2525,8.404069900512695,wer,train-Constant
uCM_r2526,-0.11149780452251434,wer,train-Constant
uCM_r2527,-1.536889672279358,wer,train-Constant
uCM_r2528,-7.4581780433654785,wer,train-Constant
uCM_r2529,-1.26175057888031,wer,train-Constant
uCM_r2530,-2.2185885906219482,wer,train-Constant
uCM_r2531,-0.10288210958242416,wer,train-Constant
uCM_r2532,10.810661315917969,wer,train-Constant
uCM_r2533,-11.983304023742676,wer,train-Constant
uCM_r2534,0.9668866991996765,wer,train-Constant
uCM_r2535,-0.8796334266662598,wer,train-Constant
uCM_r2536,0.9555897116661072,wer,train-Constant
uCM_r2537,-2.256490468978882,wer,train-Constant
uCM_r2538,3.0887694358825684,wer,train-Constant
uCM_r2539,0.8637923002243042,wer,train-Constant
uCM_r2540,1.9050393104553223,wer,train-Constant
uCM_r2541,3.7146670818328857,wer,train-Constant
uCM_r2542,3.092353105545044,wer,train-Constant
uCM_r2543,-0.6242965459823608,wer,train-Constant
uCM_r2544,1.492440104484558,wer,train-Constant
uCM_r2545,-1.7101411819458008,wer,train-Constant
uCM_r2546,-1.5577821731567383,wer,train-Constant
uCM_r2547,-3.258277654647827,wer,train-Constant
uCM_r2548,2.287442445755005,wer,train-Constant
uCM_r2549,-0.9723840355873108,wer,train-Constant
uCM_r2550,-1.5379799604415894,wer,train-Constant
uCM_r2551,6.442347526550293,wer,train-Constant
uCM_r2552,2.4906671047210693,wer,train-Constant
uCM_r2553,-1.6641875505447388,wer,train-Constant
uCM_r2554,11.312780380249023,wer,train-Constant
